config,standard_acc,standard_se,ooc_pos_acc,ooc_pos_se,ooc_no_pos_acc,ooc_no_pos_se
baseline,0.8405,0.0082,0.4795,0.0112,0.0990,0.0067
L0H0,0.4750,0.0112,0.4275,0.0111,0.1000,0.0067
L0H1,0.8360,0.0083,0.4655,0.0112,0.0995,0.0067
L0H2,0.8490,0.0080,0.4710,0.0112,0.1000,0.0067
L0H3,0.6895,0.0103,0.4000,0.0110,0.1085,0.0070
L1H0,0.7115,0.0101,0.4770,0.0112,0.0980,0.0066
L1H1,0.8880,0.0071,0.4780,0.0112,0.0980,0.0066
L1H2,0.8225,0.0085,0.4865,0.0112,0.0980,0.0066
L1H3,0.8200,0.0086,0.4775,0.0112,0.0990,0.0067
all L0,0.3120,0.0104,0.3200,0.0104,0.1910,0.0088
all L1,0.1020,0.0068,0.1125,0.0071,0.1045,0.0068
